{"sections":{"slideshow":{"type":"slideshow","blocks":{"slide-1":{"type":"image","settings":{"image":"shopify:\/\/shop_images\/Pmrop7rZPL1jii1.webp","content_max_width":540,"mobile_text_position":"place-self-center text-center","desktop_text_position":"sm:place-self-start-center sm:text-center","subheading":"perfect for a Halloween display","title":"Zombie Apocalypse Figurine Set🧟‍♀️","heading_tag":"h0","button_text":"Shop Now","button_link":"shopify:\/\/collections","text_color":"#ffffff","button_background":"#ffffff","button_text_color":"#000000","overlay_color":"#000000","overlay_opacity":15,"background":"","background_gradient":""}},"slide-2":{"type":"image","settings":{"image":"shopify:\/\/shop_images\/4d608c88-747c-441c-aaac-f048e98a25eb.jpg","content_max_width":460,"mobile_text_position":"place-self-center text-center","desktop_text_position":"sm:place-self-center sm:text-center","subheading":"Wooden Pumpkin Lamp","title":"A carved wooden pumpkin with a warm glow","heading_tag":"h0","button_text":"Shop Now","button_link":"shopify:\/\/collections\/all","text_color":"#ffffff","button_background":"#ffffff","button_text_color":"#000000","overlay_color":"#000000","overlay_opacity":27,"background":"","background_gradient":""}}},"block_order":["slide-1","slide-2"],"settings":{"full_width":true,"allow_transparent_header":true,"image_size":"auto","controls_type":"numbers","transition_type":"fade_with_text","autoplay":true,"cycle_speed":6,"background":"#f2f2f2","background_gradient":"linear-gradient(60deg, rgba(60, 65, 68, 1), rgba(23, 29, 33, 1) 98%)"}},"image-link-blocks":{"type":"image-link-blocks","blocks":{"1664424046b00c932c-0":{"type":"item","settings":{"image":"shopify:\/\/shop_images\/BgGqcdbkRLqZC1C.webp","stretch_image":true,"link_text":"","link_url":"shopify:\/\/collections\/frontpage","background":"","text_color":"#ffffff","overlay_color":"#000000","overlay_opacity":0}},"1664424046b00c932c-1":{"type":"item","settings":{"image":"shopify:\/\/shop_images\/KAIV8yEgc1A19gQ.webp","stretch_image":true,"link_text":"","link_url":"shopify:\/\/products\/zombie-mask-latex-scary-alien-face","background":"","text_color":"#ffffff","overlay_color":"#000000","overlay_opacity":0}},"1664424046b00c932c-2":{"type":"item","settings":{"image":"shopify:\/\/shop_images\/RpICIWB6FIMG371.webp","stretch_image":true,"link_text":"","link_url":"shopify:\/\/collections\/all","background":"","text_color":"#ffffff","overlay_color":"#000000","overlay_opacity":0}},"1664424046b00c932c-3":{"type":"item","settings":{"image":"shopify:\/\/shop_images\/mazBJeeF5ujB0Q0.webp","stretch_image":true,"link_text":"","link_url":"shopify:\/\/collections","background":"","text_color":"#ffffff","overlay_color":"#000000","overlay_opacity":0}},"e4a0ef18-1856-4ddd-83d8-871a60d7acac":{"type":"item","settings":{"image":"shopify:\/\/shop_images\/3tQccuuXvNQdUE9.webp","stretch_image":true,"link_text":"","link_url":"shopify:\/\/collections\/all","background":"","text_color":"#ffffff","overlay_color":"#000000","overlay_opacity":0}}},"block_order":["1664424046b00c932c-0","1664424046b00c932c-1","1664424046b00c932c-2","1664424046b00c932c-3","e4a0ef18-1856-4ddd-83d8-871a60d7acac"],"settings":{"full_width":false,"block_size":"medium","subheading":"","title":"","content":"","link_url":"","link_text":"","background":"","background_gradient":"","text_color":"","heading_color":"","heading_gradient":""}},"scrolling-text":{"type":"scrolling-text","settings":{"full_width":true,"text":"CAST A SPELL OF SAVINGS! 20% OFF ALL HALLOWEEN DECORATIONS UNTIL OCT. 31ST ⏰","text_size":"large","text_style":"fill","scrolling_mode":"auto","scrolling_speed":3,"background":"#1a1a1a","background_gradient":"","text_color":"#ffffff","text_gradient":""}},"rich_text_yCD3f9":{"type":"rich-text","blocks":{"subheading_BY9DPK":{"type":"subheading","settings":{"text":""}},"heading_R9Fejq":{"type":"heading","settings":{"text":"ABOUT US","heading_tag":"h1","text_color":"","gradient":""}},"richtext_tzYQ6y":{"type":"richtext","settings":{"content":"<p><strong>At Halloween Plaza, our mission is to provide an unparalleled Halloween shopping experience. We strive to offer the widest selection of products, expert advice, and a haunted atmosphere that will leave you screaming for more <\/strong><a href=\"\/collections\" title=\"All collections\"><strong>🎃👻<\/strong><\/a><\/p>"}}},"block_order":["subheading_BY9DPK","heading_R9Fejq","richtext_tzYQ6y"],"settings":{"full_width":true,"content_width":"small","text_position":"center","background":"#ffa500","background_gradient":"","text_color":""}},"collection-list":{"type":"collection-list","blocks":{"collection_CFaBnd":{"type":"collection","settings":{"collection":"halloween-wooden-pumpkin-lamp","subheading":"","title":"","url":"","heading_tag":"h2","text_position":"place-self-center text-center","text_color":"#ffffff","overlay_color":"#000000","overlay_opacity":30}},"collection-1":{"type":"collection","settings":{"collection":"ghost-halloween-string-lights","subheading":"","title":"","url":"","heading_tag":"h2","text_position":"place-self-center text-center","text_color":"#ffffff","overlay_color":"#000000","overlay_opacity":30}},"collection-2":{"type":"collection","settings":{"collection":"frontpage","subheading":"","title":"","url":"","heading_tag":"h2","text_position":"place-self-center text-center","text_color":"#ffffff","overlay_color":"#000000","overlay_opacity":30}},"collection-3":{"type":"collection","settings":{"collection":"halloween-skull-ornament","subheading":"","title":"","url":"","heading_tag":"h2","text_position":"place-self-center text-center","text_color":"#ffffff","overlay_color":"#000000","overlay_opacity":30}}},"block_order":["collection_CFaBnd","collection-1","collection-2","collection-3"],"settings":{"full_width":true,"stack_collections":false,"collections_per_row":3,"show_progress_bar":false,"subheading":"","title":"HALLOWEEN  TOP SELLING 🎃👻","content":"","link_url":"","link_text":"View all","background":"","background_gradient":"","text_color":"","heading_color":"","heading_gradient":""}},"featured-collection":{"type":"featured-collection","settings":{"collection":"frontpage","products":[],"full_width":true,"stack_products":true,"show_progress_bar":false,"products_count":9,"products_per_row_mobile":"2","products_per_row_desktop":3,"subheading":"","title":"Zombie Apocalypse","content":"","link_url":"","link_text":"View all","background":"","background_gradient":"","text_color":"","heading_color":"","heading_gradient":"","product_card_background":"","product_card_text_color":""}},"impact-text":{"type":"impact-text","blocks":{"1664424181b38582d5-0":{"type":"item","settings":{"title":"100%","subheading":"CAST A SPELL OF SAVINGS! FREE HALLOWEEN DECORATIONS FOR ALL UNTIL OCT 31ST ⏰","content":"","button_text":"","button_url":"","animate_impact_text":false,"animate_impact_text_duration":2}}},"block_order":["1664424181b38582d5-0"],"settings":{"full_width":true,"stack_mobile":true,"text_alignment":"center","impact_text_style":"fill","text_divider":"none","impact_text_size_ratio":1,"background":"","background_gradient":"","heading_text_color":"","heading_gradient":"linear-gradient(180deg, rgba(26, 26, 26, 0.2), rgba(26, 26, 26, 0) 100%)","text_color":"","button_background":"","button_text_color":""}},"featured_collection_mpnark":{"type":"featured-collection","settings":{"collection":"halloween-slippers","products":[],"full_width":true,"stack_products":true,"show_progress_bar":false,"products_count":6,"products_per_row_mobile":"2","products_per_row_desktop":3,"subheading":"","title":"Halloween slippers","content":"<p>Discover the Spooky Comfort of Halloween Slippers.<\/p>","link_url":"","link_text":"View all","background":"","background_gradient":"","text_color":"","heading_color":"","heading_gradient":"","product_card_background":"","product_card_text_color":""}},"image-with-text-overlay":{"type":"image-with-text-overlay","blocks":{"1664424230c4756b0e-0":{"type":"subheading","settings":{"text":"Unleash the monster savings! Up to 50% off select Halloween items 🎃"}},"1664424230c4756b0e-1":{"type":"heading","settings":{"text":"Don't be a ghost, shop our Halloween sale now and save! 💀","heading_tag":"h1"}},"1664424230c4756b0e-2":{"type":"richtext","settings":{"content":"<p><strong>Limited Time Offer<\/strong>: CAST A SPELL OF SAVINGS! 100% OFF ALL HALLOWEEN DECORATIONS UNTIL OCT 31ST <br\/><\/p>"}}},"block_order":["1664424230c4756b0e-0","1664424230c4756b0e-1","1664424230c4756b0e-2"],"settings":{"full_width":true,"allow_transparent_header":true,"enable_parallax":true,"image_size":"auto","image":"shopify:\/\/shop_images\/jPiLncMTgSU7iOY6pd0B.webp","mobile_text_position":"place-self-center text-center","desktop_text_position":"sm:place-self-center sm:text-center","text_color":"#ffffff","overlay_color":"#000000","overlay_opacity":19}},"featured_collection_mPBP36":{"type":"featured-collection","settings":{"collection":"ghost-halloween-string-lights","products":[],"full_width":true,"stack_products":true,"show_progress_bar":false,"products_count":8,"products_per_row_mobile":"2","products_per_row_desktop":3,"subheading":"","title":"Ghost Halloween String Lights","content":"","link_url":"shopify:\/\/collections\/ghost-halloween-string-lights","link_text":"View all","background":"","background_gradient":"","text_color":"","heading_color":"","heading_gradient":"","product_card_background":"","product_card_text_color":""}},"hot-spots":{"type":"hot-spots","settings":{"full_width":true,"image":"shopify:\/\/shop_images\/39WKTRRiJPlk73d.webp","mobile_image":"shopify:\/\/shop_images\/OUAlL3CVbws9efmV1O04.webp","title":"","content":"","button_text":"","button_url":"","desktop_text_position":"place-self-start text-start","image_background":"","image_background_gradient":"","overlay_color":"#000000","overlay_opacity":0,"overlay_text_color":"#ffffff","overlay_button_background":"","overlay_button_text_color":"","hot_spot_dot_background":"#ffffff","hot_spot_dot_text_color":"#000000","hot_spot_content_background":"#ffffff","hot_spot_content_text_color":"#000000","hot_spot_content_opacity":90,"hot_spot_content_blur_radius":3}},"featured-product":{"type":"featured-product","blocks":{"vendor":{"type":"vendor","settings":{}},"title":{"type":"title","settings":{"heading_tag":"h2"}},"badges":{"type":"badges","settings":{}},"price":{"type":"price","settings":{"show_taxes_notice":false}},"rating":{"type":"rating","settings":{"show_empty":false}},"separator":{"type":"separator","settings":{}},"description":{"type":"description","disabled":true,"settings":{"collapse_content":false}},"variant-picker":{"type":"variant_picker","settings":{"hide_sold_out_variants":false,"stack_blocks":true,"selector_mode":"block","color_mode":"color","size_chart_page":""}},"quantity-selector":{"type":"quantity_selector","settings":{}},"buy-buttons":{"type":"buy_buttons","settings":{"show_payment_button":true,"show_gift_card_recipient":true,"atc_button_background":"","atc_button_text_color":"","payment_button_background":"","payment_button_text_color":""}}},"block_order":["vendor","title","badges","price","rating","separator","description","variant-picker","quantity-selector","buy-buttons"],"settings":{"full_width":false,"product":"halloween-scary-mask","desktop_media_width":45,"desktop_media_layout":"carousel_thumbnails_left","mobile_media_size":"expanded","mobile_carousel_control":"floating_dots","enable_video_autoplay":true,"enable_video_looping":false,"enable_image_zoom":true,"max_image_zoom_level":3,"background":"#ffffff","background_gradient":"","text_color":"","input_background":"rgba(0,0,0,0)","input_text_color":""}},"video_J8ddaD":{"type":"video","settings":{"full_width":true,"allow_transparent_header":false,"autoplay":true,"video_size":"md","video":"shopify:\/\/files\/videos\/video.mp4","external_video_url":"https:\/\/www.youtube.com\/watch?v=_9VUPq3SxOc","text_color":"#ffffff","overlay_color":"#000000","overlay_opacity":30}},"featured_collection_VNnyHH":{"type":"featured-collection","settings":{"collection":"ghost-halloween-string-lights","products":[],"full_width":true,"stack_products":true,"show_progress_bar":false,"products_count":11,"products_per_row_mobile":"2","products_per_row_desktop":3,"subheading":"","title":"Ghost Halloween String Lights","content":"","link_url":"","link_text":"View all","background":"","background_gradient":"","text_color":"","heading_color":"","heading_gradient":"","product_card_background":"","product_card_text_color":""}}},"order":["slideshow","image-link-blocks","scrolling-text","rich_text_yCD3f9","collection-list","featured-collection","impact-text","featured_collection_mpnark","image-with-text-overlay","featured_collection_mPBP36","hot-spots","featured-product","video_J8ddaD","featured_collection_VNnyHH"]}