{"sections":{"main":{"type":"main-product","blocks":{"vendor":{"type":"vendor","settings":{}},"title":{"type":"title","settings":{"heading_tag":"h2"}},"badges":{"type":"badges","settings":{}},"price":{"type":"price","settings":{"show_taxes_notice":false}},"rating":{"type":"rating","settings":{"show_empty":false}},"payment_terms":{"type":"payment_terms","settings":{}},"separator":{"type":"separator","settings":{}},"description":{"type":"description","settings":{"collapse_content":false}},"variant_picker":{"type":"variant_picker","settings":{"hide_sold_out_variants":false,"stack_blocks":true,"selector_mode":"block","color_mode":"color","size_chart_page":""}},"quantity_selector":{"type":"quantity_selector","settings":{}},"buy_buttons":{"type":"buy_buttons","settings":{"show_payment_button":true,"show_gift_card_recipient":true,"atc_button_background":"","atc_button_text_color":"","payment_button_background":"","payment_button_text_color":""}},"omnisend_email_marketing_sms_star_ratings_kJnTfY":{"type":"shopify:\/\/apps\/omnisend-email-marketing-sms\/blocks\/star-ratings\/44704aa2-794f-4c5d-8c8e-039c841158e9","settings":{}},"trustreviews_reviews_widget_HBbErP":{"type":"shopify:\/\/apps\/trustreviews\/blocks\/reviews_widget\/56d0fe1b-e701-4cff-8f84-466a26e09adb","settings":{"product":"{{product}}"}},"trustreviews_star_rating_wLUhhj":{"type":"shopify:\/\/apps\/trustreviews\/blocks\/star_rating\/56d0fe1b-e701-4cff-8f84-466a26e09adb","settings":{"product":"{{product}}","hide_on_no_reviews":false,"enable_jsonld":false,"starsize":16,"addtional_text":""}}},"block_order":["vendor","title","badges","price","rating","payment_terms","separator","description","variant_picker","quantity_selector","buy_buttons","omnisend_email_marketing_sms_star_ratings_kJnTfY","trustreviews_reviews_widget_HBbErP","trustreviews_star_rating_wLUhhj"],"settings":{"full_width":true,"show_fixed_add_to_cart":true,"desktop_media_width":55,"desktop_media_layout":"carousel_thumbnails_left","mobile_media_size":"expanded","mobile_carousel_control":"floating_dots","enable_video_autoplay":false,"enable_video_looping":true,"enable_image_zoom":true,"max_image_zoom_level":3,"background":"","background_gradient":"","text_color":"","input_background":"rgba(0,0,0,0)","input_text_color":""}},"related-products":{"type":"related-products","settings":{"recommendations_count":6,"products":[],"full_width":true,"stack_products":true,"show_progress_bar":false,"products_per_row_mobile":"1","products_per_row_desktop":3,"subheading":"","title":"You may also like","content":"","background":"","background_gradient":"","text_color":"","heading_color":"","heading_gradient":"","product_card_background":"","product_card_text_color":""}},"17265190595688ad47":{"type":"apps","blocks":{"omnisend_email_marketing_sms_product_reviews_xUHgAN":{"type":"shopify:\/\/apps\/omnisend-email-marketing-sms\/blocks\/product-reviews\/44704aa2-794f-4c5d-8c8e-039c841158e9","settings":{}}},"block_order":["omnisend_email_marketing_sms_product_reviews_xUHgAN"],"settings":{"full_width":true,"remove_vertical_spacing":false,"remove_horizontal_spacing":false,"background":"","background_gradient":"","text_color":"","enable_review_integration":true,"review_header_gradient":"linear-gradient(135deg, #FFC266 0%, #FFA31A 100%)","review_header_text_color":"#000000","review_button_background":"#000000","review_button_text_color":"#ffffff"}}},"order":["main","related-products","17265190595688ad47"]}