{"type":"footer","name":"Footer group","sections":{"faq_etJMzf":{"type":"faq","blocks":{"item_4YGPV6":{"type":"item","settings":{"title":"How many percentage discount do you offer ?","content":"<p>At Halloween plaza we give 20% off first puchase to to all new and  exiting customers world wild .<\/p>"}},"item_DEQYgh":{"type":"item","settings":{"title":"How long will it take to get my orders?","content":"<p>It depends on where you are. Orders processed here will take 5-7 business days to arrive. Overseas deliveries can take anywhere from 7-16 days. Delivery details will be provided in your confirmation email.<\/p>"}},"item_K9fGe4":{"type":"item","settings":{"title":"Any question?","content":"<p>You can contact us through our contact page! We will be happy to assist you.<\/p>"}}},"block_order":["item_4YGPV6","item_DEQYgh","item_K9fGe4"],"settings":{"full_width":true,"subheading":"","title":"FAQ","content":"","team_avatar_width":160,"support_hours":"Our customer support is available Monday to Friday: 8am-8:30pm.","answer_time":"Average answer time: 2 h","button_text":"Learn more","button_url":"shopify:\/\/pages\/contact","text_position":"center","background":"","background_gradient":"","text_color":"","heading_color":"","heading_gradient":"","button_background":"","button_text_color":"","accordion_background":"","accordion_text_color":""}},"footer":{"type":"footer","blocks":{"newsletter":{"type":"newsletter","settings":{"image":"shopify:\/\/shop_images\/WhatsApp_Image_2024-09-15_at_18.49.02_022503eb-removebg-preview.png","image_width":80,"heading_size":"h3","title":"Sign up for new stories and personal offers","content":""}},"links":{"type":"links","settings":{"menu":"footer","show_menu_title":true}},"text":{"type":"text","settings":{"title":"About","content":"<p><strong>At Halloween Plaza, our mission is to provide an unparalleled Halloween shopping experience. We strive to offer the widest selection of products, expert advice, and a haunted atmosphere that will leave you screaming for more 🎃👻<\/strong><br\/><br\/><br\/><br\/><\/p>","enable_follow_on_shop":true}}},"block_order":["newsletter","links","text"],"settings":{"show_social_media":true,"show_payment_icons":true,"show_country_selector":true,"show_country_flag":true,"show_country_name":true,"show_locale_selector":true}}},"order":["faq_etJMzf","footer"]}