{"type":"header","name":"Header group","sections":{"announcement-bar":{"type":"announcement-bar","blocks":{"message":{"type":"message","settings":{"text":"20% Off all purchases from now till October 30th","url":"shopify:\/\/collections"}}},"block_order":["message"],"settings":{"enable_sticky":false,"text_size":"text-xs","navigation_mode":"scrolling","scrolling_speed":10,"background":"#1a1a1a","background_gradient":"","text_color":"#ffffff"}},"header":{"type":"header","settings":{"enable_sticky":true,"hide_on_scroll":true,"logo":"shopify:\/\/shop_images\/WhatsApp_Image_2024-09-15_at_18.49.02_022503eb-removebg-preview.png","logo_max_width":120,"logo_mobile_max_width":90,"menu":"main-menu","sidebar_menu":"","secondary_menu":"","menu_open_trigger":"click","opening_from":"bottom","layout":"logo_left_navigation_inline","show_social_media":true,"show_locale_selector":true,"show_country_selector":true,"show_country_flag":true,"show_country_name":false,"transparent_header_text_color":"#ffffff","reduce_padding":true,"background_opacity":29,"background_blur_radius":0}}},"order":["announcement-bar","header"]}